{
  "name": "Ruan IA",
  "short_name": "Ruan IA",
  "description": "Seu assistente de IA pessoal, Ruan IA. Converse com uma IA de ponta.",
  "start_url": "/",
  "display": "standalone",
  "background_color": "#0f172a",
  "theme_color": "#1e293b",
  "orientation": "portrait-primary",
  "icons": [
    {
      "src": "/icons/icon-192x192.png",
      "type": "image/png",
      "sizes": "192x192"
    },
    {
      "src": "/icons/icon-512x512.png",
      "type": "image/png",
      "sizes": "512x512"
    }
  ]
}
